id,text,category,ground_truth_concepts
1,"Hypertension is a chronic medical condition in which the arterial blood pressure is persistently elevated above normal levels. It is one of the leading risk factors for coronary artery disease, stroke, and chronic kidney disease. Management of hypertension typically involves both lifestyle modifications such as reduced sodium intake and regular exercise, as well as pharmacological interventions including ACE inhibitors and beta-blockers.",cardiovascular,"Hypertension,CardiovascularDisease,Antihypertensive,ACEInhibitor,BetaBlocker"
2,"Coronary artery disease occurs when the coronary arteries that supply blood to the heart muscle become narrowed or blocked due to atherosclerotic plaque buildup. Patients often present with chest pain known as angina, shortness of breath, and fatigue. Treatment options include statin therapy for cholesterol management, anticoagulant medications, angioplasty to widen blocked arteries, and coronary artery bypass grafting surgery.",cardiovascular,"CoronaryArteryDisease,Atherosclerosis,ChestPain,Statin,Angioplasty,BypassSurgery"
3,"Heart failure is a progressive condition where the heart is unable to pump blood efficiently enough to meet the body's metabolic demands. Common symptoms include dyspnea especially during physical exertion, peripheral edema in the lower extremities, and chronic fatigue. The condition is managed with ACE inhibitors, beta-blockers, diuretics, and in advanced cases cardiac resynchronization therapy or heart transplantation.",cardiovascular,"HeartFailure,Dyspnea,Edema,Fatigue,ACEInhibitor,BetaBlocker"
4,"Cardiac arrhythmias are disorders characterized by irregular heart rhythms resulting from abnormal electrical impulse conduction in the heart. Patients may experience palpitations, dizziness, shortness of breath, or syncope. Diagnosis is primarily through electrocardiography (ECG) and Holter monitoring. Treatment includes beta-blockers, antiarrhythmic drugs, anticoagulants to prevent stroke, and in some cases catheter ablation or pacemaker implantation.",cardiovascular,"Arrhythmia,Palpitations,Dizziness,ECG,BetaBlocker,Anticoagulant"
5,"Atherosclerosis is a chronic inflammatory disease of the arteries characterized by the accumulation of lipids, fibrous tissue, and calcium deposits within the arterial walls. It is the primary underlying cause of most cardiovascular diseases including coronary artery disease and peripheral arterial disease. Risk factors include hypertension, hyperlipidemia, diabetes, smoking, and obesity. Prevention focuses on statin therapy and lifestyle modifications.",cardiovascular,"Atherosclerosis,Hypertension,Hyperlipidemia,CoronaryArteryDisease,Statin"
6,"Myocardial infarction commonly known in clinical settings occurs when blood flow to a part of the heart muscle is blocked for a prolonged period causing tissue damage. The hallmark symptom is severe chest pain often radiating to the left arm and jaw accompanied by shortness of breath nausea and diaphoresis. Emergency treatment includes anticoagulant therapy, angioplasty, and potentially coronary artery bypass surgery. ECG and cardiac biomarker blood tests are essential for diagnosis.",cardiovascular,"MyocardialInfarction,ChestPain,Dyspnea,Anticoagulant,Angioplasty,ECG"
7,"Stroke is a cerebrovascular event that occurs when blood supply to the brain is interrupted either by a blood clot (ischemic stroke) or by rupture of a blood vessel (hemorrhagic stroke). Symptoms include sudden severe headache, dizziness, facial drooping, arm weakness, and speech difficulties. Risk factors include hypertension, atrial fibrillation, diabetes, and hyperlipidemia. Diagnosis involves CT scan and MRI imaging of the brain.",cardiovascular,"Stroke,Headache,Dizziness,Hypertension,CTScan,MRI"
8,"Antihypertensive medications are a class of drugs used to treat elevated blood pressure. The major categories include ACE inhibitors which block the angiotensin-converting enzyme, angiotensin receptor blockers (ARBs), calcium channel blockers, beta-blockers which reduce heart rate, and thiazide diuretics which reduce fluid volume. Selection of the appropriate antihypertensive depends on the patient's age, ethnicity, comorbidities, and blood pressure severity.",cardiovascular,"Antihypertensive,ACEInhibitor,BetaBlocker,Hypertension,BloodTest"
9,"Blood pressure monitoring is a fundamental diagnostic procedure used in the assessment and ongoing management of hypertension. Regular monitoring helps detect elevated blood pressure early before organ damage occurs. Both clinic-based measurements and ambulatory blood pressure monitoring are used. Target blood pressure values are typically below 130/80 mmHg for most adults, with adjustments made for elderly patients and those with specific comorbidities.",cardiovascular,"Hypertension,BloodTest,CardiovascularDisease"
10,"The electrocardiogram (ECG) is a non-invasive diagnostic test that records the electrical activity of the heart over a period of time. It is essential for detecting cardiac arrhythmias, myocardial infarction, and other cardiac abnormalities. The standard 12-lead ECG provides comprehensive information about heart rhythm, conduction abnormalities, and signs of cardiac ischemia or hypertrophy.",cardiovascular,"ECG,Arrhythmia,MyocardialInfarction,DiagnosticTest"
11,"Echocardiography uses ultrasound waves to create detailed images of the heart's structure and function. It is a primary diagnostic tool for evaluating heart failure, valvular heart disease, and congenital heart defects. The test can measure ejection fraction, assess wall motion abnormalities, and evaluate cardiac chamber sizes. Both transthoracic and transesophageal approaches are available depending on clinical requirements.",cardiovascular,"Echocardiogram,HeartFailure,CoronaryArteryDisease,DiagnosticTest"
12,"Peripheral artery disease is a circulatory condition in which narrowed arteries reduce blood flow to the limbs. It is closely associated with atherosclerosis and shares common risk factors with coronary artery disease including hypertension, diabetes, and smoking. Symptoms include leg pain during walking (claudication), numbness, and poor wound healing. Management involves anticoagulants, statins, exercise therapy, and revascularization procedures.",cardiovascular,"Atherosclerosis,Hypertension,Anticoagulant,Statin"
13,"Asthma is a chronic inflammatory disorder of the airways characterized by episodic reversible airflow obstruction and bronchial hyperresponsiveness. Patients typically present with recurrent episodes of wheezing, shortness of breath, chest tightness, and coughing. Diagnosis is confirmed through spirometry and pulmonary function testing demonstrating reversible airflow limitation. Treatment relies primarily on inhaled bronchodilators for acute relief and inhaled corticosteroids for long-term control.",respiratory,"Asthma,Wheezing,Dyspnea,Cough,Spirometry,Bronchodilator"
14,"Chronic obstructive pulmonary disease (COPD) is a progressive lung condition characterized by persistent airflow limitation that is not fully reversible. The two main forms are chronic bronchitis and emphysema. Patients experience worsening dyspnea, chronic productive cough, wheezing, and exercise intolerance. Spirometry is the gold standard diagnostic test showing reduced FEV1/FVC ratio. Management includes bronchodilators, inhaled corticosteroids, pulmonary rehabilitation, and supplemental oxygen therapy.",respiratory,"COPD,Dyspnea,Cough,Wheezing,Spirometry,Bronchodilator"
15,"Pneumonia is an acute infection of the lung parenchyma caused by bacteria, viruses, or fungi. Clinical presentation includes fever, productive cough with purulent sputum, dyspnea, and pleuritic chest pain. Chest X-ray is the primary diagnostic imaging modality showing pulmonary infiltrates or consolidation. Treatment depends on the causative organism and typically involves antibiotic therapy for bacterial pneumonia, supportive care, and in severe cases mechanical ventilation.",respiratory,"Pneumonia,Fever,Cough,Dyspnea,XRay,Antibiotic"
16,"Bronchitis is an inflammation of the bronchial tubes that carry air to and from the lungs. Acute bronchitis is usually caused by viral infections and presents with persistent cough, mucus production, fatigue, and mild dyspnea. Chronic bronchitis is defined by a productive cough lasting at least three months in two consecutive years and is a component of COPD. Treatment includes rest, fluids, and in cases of bacterial superinfection antibiotic therapy.",respiratory,"Bronchitis,Cough,Fatigue,Dyspnea,Antibiotic,COPD"
17,"Lung cancer is the leading cause of cancer-related deaths worldwide. The two main types are non-small cell lung cancer (NSCLC) accounting for approximately 85% of cases and small cell lung cancer (SCLC). Risk factors include smoking, exposure to radon, asbestos, and air pollution. Diagnosis involves chest X-ray, CT scan, and tissue biopsy. Treatment options include surgical resection, chemotherapy, radiation therapy, targeted therapy, and immunotherapy.",respiratory,"LungCancer,CTScan,XRay,Chemotherapy,RespiratoryDisease"
18,"Pulmonary function tests (PFTs) are a group of non-invasive diagnostic tests that measure lung volume, capacity, flow rates, and gas exchange. Spirometry is the most commonly performed PFT and is essential for diagnosing and monitoring asthma and COPD. The test measures forced vital capacity (FVC) and forced expiratory volume in one second (FEV1). Results help classify disease severity and guide treatment decisions.",respiratory,"PulmonaryFunctionTest,Spirometry,Asthma,COPD,DiagnosticTest"
19,"Inhaled bronchodilators are the cornerstone of pharmacological treatment for obstructive airway diseases. Short-acting beta-agonists (SABAs) like albuterol provide rapid relief of acute bronchospasm. Long-acting beta-agonists (LABAs) and long-acting muscarinic antagonists (LAMAs) are used for maintenance therapy. These medications work by relaxing airway smooth muscle, reducing airflow resistance, and improving ventilation in patients with asthma and COPD.",respiratory,"Bronchodilator,Asthma,COPD,Medication,RespiratoryDisease"
20,"Respiratory infections can range from mild upper respiratory tract infections to severe lower respiratory tract infections like pneumonia and tuberculosis. Viral respiratory infections including influenza and COVID-19 are highly contagious and can cause significant morbidity. Prevention strategies include vaccination, hand hygiene, and respiratory etiquette. Treatment varies from supportive care for viral infections to targeted antibiotic or antiviral therapy for specific pathogens.",respiratory,"Pneumonia,Tuberculosis,Influenza,COVID19,Antibiotic,Antiviral"
21,"Type 2 diabetes mellitus is a chronic metabolic disorder characterized by insulin resistance and relative insulin deficiency leading to persistent hyperglycemia. Risk factors include obesity, sedentary lifestyle, family history, and increasing age. Complications include cardiovascular disease, nephropathy, retinopathy, and neuropathy. Management involves lifestyle modifications, oral hypoglycemic agents such as metformin, and in some cases insulin therapy. Regular blood glucose monitoring is essential.",metabolic,"Type2Diabetes,Obesity,Insulin,BloodGlucoseTest,MetabolicDisease"
22,"Type 1 diabetes mellitus is an autoimmune condition in which the immune system destroys the insulin-producing beta cells of the pancreas. It typically manifests in childhood or adolescence and requires lifelong insulin replacement therapy. Symptoms include polyuria, polydipsia, unexplained weight loss, and fatigue. Diagnosis is confirmed through blood glucose testing and detection of autoantibodies. Continuous glucose monitoring and insulin pump therapy are modern management approaches.",metabolic,"Type1Diabetes,Insulin,WeightLoss,Fatigue,BloodGlucoseTest"
23,"Obesity is a complex chronic disease defined by excessive body fat accumulation that presents a risk to health. It is classified using body mass index (BMI) with a BMI of 30 or greater indicating obesity. Obesity is a major risk factor for type 2 diabetes, cardiovascular disease, hypertension, hyperlipidemia, and certain cancers. Treatment includes dietary modification, increased physical activity, behavioral therapy, pharmacotherapy, and bariatric surgery for severe cases.",metabolic,"Obesity,Type2Diabetes,Hypertension,Hyperlipidemia,MetabolicDisease"
24,"Hyperlipidemia refers to elevated levels of lipids in the blood including cholesterol and triglycerides. It is a significant risk factor for atherosclerosis and coronary artery disease. Diagnosis is made through a fasting lipid panel blood test measuring total cholesterol, LDL, HDL, and triglycerides. Treatment involves lifestyle modifications including dietary changes and exercise, and pharmacological therapy primarily with statins which inhibit HMG-CoA reductase to reduce cholesterol synthesis.",metabolic,"Hyperlipidemia,Atherosclerosis,CoronaryArteryDisease,LipidPanel,Statin"
25,"Metabolic syndrome is a cluster of interconnected metabolic abnormalities including central obesity, hypertension, impaired fasting glucose, elevated triglycerides, and low HDL cholesterol. Having three or more of these conditions significantly increases the risk of type 2 diabetes and cardiovascular disease. Management focuses on treating individual components through lifestyle changes, weight reduction, and appropriate pharmacotherapy for each metabolic abnormality.",metabolic,"MetabolicSyndrome,Obesity,Hypertension,Type2Diabetes,Hyperlipidemia"
26,"Insulin therapy is a critical component of diabetes management, particularly for type 1 diabetes and advanced type 2 diabetes. Various insulin formulations are available including rapid-acting, short-acting, intermediate-acting, and long-acting preparations. Modern delivery systems include insulin pens, insulin pumps, and emerging closed-loop artificial pancreas systems. Proper insulin dosing, injection technique, and blood glucose monitoring are essential for safe and effective therapy.",metabolic,"Insulin,Type1Diabetes,Type2Diabetes,BloodGlucoseTest,Medication"
27,"Blood glucose monitoring is fundamental to diabetes management allowing patients and clinicians to track glycemic control. Self-monitoring of blood glucose (SMBG) using fingerstick capillary blood samples provides immediate glucose readings. Hemoglobin A1c (HbA1c) testing reflects average blood glucose levels over the preceding two to three months. Continuous glucose monitoring (CGM) systems provide real-time glucose data and trend information enabling more precise insulin dosing.",metabolic,"BloodGlucoseTest,Type2Diabetes,Type1Diabetes,Insulin,DiagnosticTest"
28,"Lipid panel testing is a standard blood test used to assess cardiovascular risk by measuring blood lipid levels. The test includes total cholesterol, low-density lipoprotein (LDL) cholesterol, high-density lipoprotein (HDL) cholesterol, and triglycerides. Elevated LDL cholesterol is a major modifiable risk factor for atherosclerotic cardiovascular disease. Results guide decisions about lifestyle interventions and statin therapy initiation.",metabolic,"LipidPanel,Hyperlipidemia,Atherosclerosis,Statin,BloodTest"
29,"Statin medications are the most widely prescribed class of lipid-lowering drugs. They work by inhibiting HMG-CoA reductase, the rate-limiting enzyme in hepatic cholesterol biosynthesis. Statins effectively reduce LDL cholesterol by 30-50% and have demonstrated significant reductions in cardiovascular events and mortality. Common statins include atorvastatin, rosuvastatin, and simvastatin. Side effects may include myalgia and rarely rhabdomyolysis.",metabolic,"Statin,Hyperlipidemia,CoronaryArteryDisease,Medication"
30,"Diabetic neuropathy is a common complication of both type 1 and type 2 diabetes resulting from chronic hyperglycemia-induced nerve damage. Peripheral neuropathy causes numbness, tingling, and pain in the extremities particularly the feet. Autonomic neuropathy can affect the cardiovascular, gastrointestinal, and genitourinary systems. Prevention relies on strict glycemic control, while treatment includes pain management and blood glucose optimization.",metabolic,"Type2Diabetes,Type1Diabetes,MetabolicDisease"
31,"Alzheimer's disease is a progressive neurodegenerative disorder and the most common cause of dementia. It is characterized by the accumulation of amyloid-beta plaques and neurofibrillary tangles in the brain leading to neuronal loss. Clinical features include progressive memory loss, cognitive decline, behavioral changes, and impaired daily functioning. Diagnosis involves clinical assessment, neuropsychological testing, and brain MRI imaging. Current treatments include cholinesterase inhibitors and occupational therapy.",neurological,"Alzheimers,MemoryLoss,MRI,OccupationalTherapy,NeurologicalDisease"
32,"Parkinson's disease is a chronic progressive neurodegenerative disorder caused by the loss of dopamine-producing neurons in the substantia nigra of the brain. Cardinal motor symptoms include resting tremor, bradykinesia, muscular rigidity, and postural instability. Non-motor symptoms include depression, cognitive impairment, and sleep disturbances. Diagnosis is primarily clinical, supported by MRI. Treatment includes dopaminergic medications like levodopa, physical therapy, and deep brain stimulation for advanced cases.",neurological,"Parkinsons,Tremor,MRI,PhysicalTherapy,NeurologicalDisease"
33,"Epilepsy is a chronic neurological disorder characterized by recurrent unprovoked seizures resulting from abnormal excessive neuronal activity in the brain. Seizures can be focal (originating in one brain area) or generalized (involving both hemispheres). Patients may experience dizziness, headache, and nausea during or after seizure episodes. Diagnosis involves electroencephalography (EEG) and brain MRI. Management primarily relies on anticonvulsant medications, with surgical options for refractory cases.",neurological,"Epilepsy,Dizziness,Headache,MRI,Anticonvulsant"
34,"Migraine is a primary headache disorder characterized by recurrent episodes of moderate to severe pulsating headache, typically unilateral, accompanied by nausea, vomiting, and sensitivity to light and sound. Some patients experience visual aura before the headache phase. Triggers include stress, hormonal changes, certain foods, and sleep disturbances. Treatment includes acute therapies such as triptans and NSAIDs, and preventive medications including anticonvulsants and beta-blockers for frequent attacks.",neurological,"Migraine,Headache,Nausea,Anticonvulsant,NeurologicalDisease"
35,"Multiple sclerosis is a chronic autoimmune demyelinating disease of the central nervous system. The immune system attacks the myelin sheath surrounding nerve fibers causing inflammation, demyelination, and axonal damage. Symptoms vary widely and may include vision problems, muscle weakness, coordination difficulties, fatigue, and cognitive impairment. Diagnosis requires MRI showing characteristic white matter lesions disseminated in time and space. Treatment includes disease-modifying therapies and symptomatic management.",neurological,"MultipleSclerosis,Fatigue,MRI,NeurologicalDisease"
36,"Brain MRI is the most important neuroimaging technique for evaluating neurological disorders. It provides detailed images of brain structures without ionizing radiation. MRI is essential for diagnosing stroke, brain tumors, multiple sclerosis, Alzheimer's disease, and epilepsy. Advanced MRI techniques include functional MRI (fMRI) for brain activation mapping, diffusion tensor imaging (DTI) for white matter tract visualization, and MR spectroscopy for metabolic assessment.",neurological,"MRI,Stroke,MultipleSclerosis,Alzheimers,Epilepsy,DiagnosticTest"
37,"Neurodegenerative diseases are a group of conditions characterized by progressive loss of neuronal structure and function. The most common neurodegenerative diseases include Alzheimer's disease, Parkinson's disease, multiple sclerosis, and amyotrophic lateral sclerosis (ALS). These conditions share common pathological features including protein misfolding, oxidative stress, mitochondrial dysfunction, and neuroinflammation. Research into disease-modifying therapies remains an active area of investigation.",neurological,"NeurologicalDisease,Alzheimers,Parkinsons,MultipleSclerosis"
38,"Anticonvulsant medications are the primary pharmacological treatment for epilepsy and are also used for migraine prevention, neuropathic pain, and bipolar disorder. First-generation anticonvulsants include phenytoin, carbamazepine, and valproic acid. Newer agents such as levetiracetam, lamotrigine, and topiramate offer improved side effect profiles. Selection depends on seizure type, patient age, comorbidities, and potential drug interactions.",neurological,"Anticonvulsant,Epilepsy,Migraine,BipolarDisorder,Medication"
39,"Cognitive decline associated with aging ranges from normal age-related memory changes to mild cognitive impairment and dementia. Risk factors for accelerated cognitive decline include hypertension, diabetes, obesity, physical inactivity, and social isolation. Early detection through cognitive screening and neuropsychological assessment enables timely intervention. Protective factors include regular physical exercise, cognitive stimulation, social engagement, and cardiovascular risk factor management.",neurological,"MemoryLoss,Alzheimers,Hypertension,Type2Diabetes,NeurologicalDisease"
40,"Physical therapy and rehabilitation play essential roles in managing neurological conditions. For Parkinson's disease, targeted exercise programs improve mobility, balance, and gait. For stroke patients, rehabilitation focuses on motor recovery, speech therapy, and activities of daily living. Occupational therapy helps patients with Alzheimer's disease maintain functional independence. Evidence supports early and intensive rehabilitation for optimal neurological outcomes.",neurological,"PhysicalTherapy,OccupationalTherapy,Parkinsons,Stroke,Alzheimers"
41,"Influenza is an acute respiratory infection caused by influenza viruses primarily types A and B. Clinical presentation includes sudden onset of high fever, headache, myalgia, fatigue, cough, and sore throat. Complications include viral and secondary bacterial pneumonia, myocarditis, and encephalitis. Annual vaccination is the most effective prevention strategy. Antiviral medications such as oseltamivir (Tamiflu) are effective when administered within 48 hours of symptom onset.",infectious,"Influenza,Fever,Headache,Cough,Fatigue,Antiviral"
42,"Tuberculosis is a chronic infectious disease caused by Mycobacterium tuberculosis primarily affecting the lungs. Active pulmonary tuberculosis presents with chronic cough, hemoptysis, night sweats, weight loss, and fever. Diagnosis involves chest X-ray showing characteristic cavitary lesions, sputum microscopy, culture, and molecular testing. Treatment requires a prolonged multi-drug antibiotic regimen typically lasting six months including isoniazid, rifampicin, pyrazinamide, and ethambutol.",infectious,"Tuberculosis,Cough,Fever,WeightLoss,XRay,Antibiotic"
43,"COVID-19 is an infectious disease caused by the SARS-CoV-2 coronavirus first identified in late 2019. The clinical spectrum ranges from asymptomatic infection to severe pneumonia with acute respiratory distress syndrome. Common symptoms include fever, dry cough, fatigue, dyspnea, and loss of taste or smell. Diagnosis is through RT-PCR testing of nasopharyngeal swabs. Treatment includes supportive care, antiviral medications, corticosteroids for severe cases, and vaccination for prevention.",infectious,"COVID19,Fever,Cough,Dyspnea,Fatigue,Antiviral"
44,"Hepatitis refers to inflammation of the liver most commonly caused by viral infections (hepatitis A, B, C, D, and E). Chronic hepatitis B and C can lead to cirrhosis and hepatocellular carcinoma. Symptoms include jaundice, fatigue, abdominal pain, and nausea. Diagnosis is through blood tests detecting viral antigens and antibodies. Treatment for hepatitis C has been revolutionized by direct-acting antiviral agents achieving cure rates exceeding 95%.",infectious,"Hepatitis,Fatigue,Nausea,BloodTest,Antiviral"
45,"HIV (Human Immunodeficiency Virus) attacks the immune system, specifically CD4+ T cells, leading to progressive immunodeficiency. Without treatment, HIV infection progresses to AIDS (Acquired Immunodeficiency Syndrome). Symptoms of acute HIV infection include fever, fatigue, swollen lymph nodes, and rash. Diagnosis is through blood tests including ELISA and Western blot confirmation. Antiretroviral therapy (ART) effectively suppresses viral replication and has transformed HIV into a manageable chronic condition.",infectious,"HIV,Fever,Fatigue,BloodTest,Antiviral"
46,"Antimicrobial resistance is an escalating global health threat occurring when microorganisms develop resistance to drugs designed to kill them. Overuse and misuse of antibiotics in human medicine and agriculture are primary drivers. Drug-resistant infections include MRSA, multi-drug resistant tuberculosis, and carbapenem-resistant Enterobacteriaceae. Strategies to combat resistance include antibiotic stewardship programs, rapid diagnostic testing, and development of novel antimicrobial agents.",infectious,"Antibiotic,Tuberculosis,InfectiousDisease"
47,"Vaccination is one of the most effective public health interventions for preventing infectious diseases. Vaccines work by stimulating the immune system to produce antibodies and memory cells against specific pathogens. Routine vaccination programs have dramatically reduced the burden of diseases including influenza, hepatitis B, measles, and more recently COVID-19. The development of mRNA vaccine technology has accelerated vaccine development timelines significantly.",infectious,"Influenza,Hepatitis,COVID19,InfectiousDisease"
48,"Antiviral medications are drugs used to treat viral infections by inhibiting viral replication. Different classes target different stages of the viral life cycle. Neuraminidase inhibitors (oseltamivir) are used for influenza. Direct-acting antivirals (DAAs) cure hepatitis C. Antiretroviral therapy (ART) controls HIV. Remdesivir and nirmatrelvir are used for COVID-19. Unlike antibiotics, antivirals are typically virus-specific and must be matched to the target pathogen.",infectious,"Antiviral,Influenza,Hepatitis,HIV,COVID19,Medication"
49,"Nosocomial infections, also known as hospital-acquired infections, are infections contracted during healthcare delivery. Common types include central line-associated bloodstream infections, ventilator-associated pneumonia, catheter-associated urinary tract infections, and surgical site infections. Prevention strategies include hand hygiene compliance, sterile technique, antimicrobial stewardship, and environmental cleaning protocols.",infectious,"Pneumonia,Antibiotic,InfectiousDisease"
50,"Emerging infectious diseases pose significant challenges to global health security. Factors contributing to emergence include urbanization, deforestation, climate change, global travel, and human-animal interface interactions. Recent examples include SARS-CoV-2, Ebola virus disease, Zika virus, and avian influenza. Preparedness requires robust surveillance systems, rapid diagnostic capabilities, stockpiling of medical countermeasures, and international cooperation through organizations like the WHO.",infectious,"COVID19,Influenza,InfectiousDisease"
51,"Depression, also known as major depressive disorder, is a common and serious mental health condition characterized by persistent feelings of sadness, hopelessness, and loss of interest in activities. Neurovegetative symptoms include fatigue, insomnia or hypersomnia, appetite changes, and difficulty concentrating. Treatment typically involves a combination of antidepressant medications (SSRIs, SNRIs) and psychotherapy, particularly cognitive behavioral therapy. Regular exercise has also shown significant antidepressant effects.",mental_health,"Depression,Fatigue,Insomnia,Antidepressant,CognitiveBehavioralTherapy"
52,"Generalized anxiety disorder (GAD) is characterized by excessive and persistent worry about various aspects of daily life that is difficult to control. Physical symptoms include muscle tension, restlessness, insomnia, palpitations, and gastrointestinal disturbances. Treatment approaches include cognitive behavioral therapy, which helps patients identify and modify maladaptive thought patterns, and pharmacotherapy with antidepressants (SSRIs/SNRIs) or buspirone. Relaxation techniques and mindfulness-based interventions are also beneficial.",mental_health,"AnxietyDisorder,Insomnia,Palpitations,Antidepressant,CognitiveBehavioralTherapy"
53,"Schizophrenia is a severe chronic mental disorder characterized by distortions in thinking, perception, emotions, language, sense of self, and behavior. Positive symptoms include hallucinations and delusions, while negative symptoms include social withdrawal and reduced emotional expression. Cognitive symptoms affect memory, attention, and executive function. Treatment centers on antipsychotic medications, psychosocial interventions, and supported employment and housing programs.",mental_health,"Schizophrenia,Antipsychotic,MentalHealthDisorder"
54,"Bipolar disorder is a mood disorder characterized by alternating episodes of mania (elevated mood, increased energy, decreased need for sleep) and depression. The condition affects approximately 1-2% of the global population. Treatment involves mood stabilizers such as lithium and valproic acid, anticonvulsant medications, and atypical antipsychotics. Psychotherapy including cognitive behavioral therapy helps patients manage symptoms and improve functioning between episodes.",mental_health,"BipolarDisorder,Anticonvulsant,Antipsychotic,CognitiveBehavioralTherapy"
55,"Post-traumatic stress disorder (PTSD) develops in some individuals following exposure to a traumatic event such as combat, assault, natural disaster, or serious accident. Core symptoms include intrusive re-experiencing of the trauma, avoidance of trauma-related stimuli, negative alterations in cognition and mood, and hyperarousal. Evidence-based treatments include trauma-focused cognitive behavioral therapy, eye movement desensitization and reprocessing (EMDR), and selective serotonin reuptake inhibitor (SSRI) medications.",mental_health,"PTSD,Insomnia,Antidepressant,CognitiveBehavioralTherapy"
56,"Cognitive behavioral therapy (CBT) is a structured, goal-oriented psychotherapy approach that focuses on identifying and modifying dysfunctional thought patterns and behaviors. It is the most widely researched psychotherapy and has demonstrated efficacy for depression, anxiety disorders, PTSD, OCD, eating disorders, and insomnia. CBT typically involves 12-20 weekly sessions and teaches patients skills for managing symptoms independently. Digital CBT platforms have expanded access to treatment.",mental_health,"CognitiveBehavioralTherapy,Depression,AnxietyDisorder,PTSD,Insomnia"
57,"Antidepressant medications are the primary pharmacological treatment for major depression and anxiety disorders. Selective serotonin reuptake inhibitors (SSRIs) including fluoxetine, sertraline, and escitalopram are first-line agents. Serotonin-norepinephrine reuptake inhibitors (SNRIs) like venlafaxine and duloxetine are alternatives. Therapeutic effects typically develop over 4-6 weeks. Side effects may include nausea, sexual dysfunction, and weight changes. Abrupt discontinuation should be avoided.",mental_health,"Antidepressant,Depression,AnxietyDisorder,Nausea,Medication"
58,"Insomnia is a common sleep disorder characterized by difficulty initiating sleep, maintaining sleep, or early morning awakening with inability to return to sleep. It is frequently comorbid with depression, anxiety disorders, chronic pain, and other medical conditions. Cognitive behavioral therapy for insomnia (CBT-I) is the first-line treatment and includes sleep restriction, stimulus control, and cognitive restructuring. Pharmacological options include short-term use of hypnotic medications.",mental_health,"Insomnia,Depression,AnxietyDisorder,CognitiveBehavioralTherapy"
59,"Antipsychotic medications are primarily used to manage psychotic symptoms in schizophrenia and bipolar disorder. First-generation (typical) antipsychotics include haloperidol and chlorpromazine. Second-generation (atypical) antipsychotics such as risperidone, olanzapine, and quetiapine have broader efficacy and different side effect profiles. Common adverse effects include weight gain, metabolic syndrome, and movement disorders. Long-acting injectable formulations improve medication adherence.",mental_health,"Antipsychotic,Schizophrenia,BipolarDisorder,MetabolicSyndrome,Medication"
60,"Mental health screening and early intervention are critical for improving outcomes across psychiatric conditions. Validated screening tools include the PHQ-9 for depression, GAD-7 for anxiety, and the Columbia Suicide Severity Rating Scale. Primary care integration of mental health services has improved detection rates. Early intervention programs for psychosis have demonstrated significant benefits in reducing symptom severity and improving long-term functioning.",mental_health,"Depression,AnxietyDisorder,MentalHealthDisorder"
61,"Comprehensive blood testing is a fundamental diagnostic tool in modern medicine encompassing a wide range of analyses. Complete blood count (CBC) evaluates red blood cells, white blood cells, and platelets. Comprehensive metabolic panel (CMP) assesses kidney function, liver function, electrolytes, and glucose. Specialized blood tests include cardiac biomarkers, thyroid function tests, coagulation studies, and autoimmune panels.",diagnostics,"BloodTest,DiagnosticTest"
62,"Computed tomography (CT) scanning uses X-ray technology and computer processing to create detailed cross-sectional images of the body. CT is essential for diagnosing stroke, detecting tumors, evaluating trauma, and guiding interventional procedures. Modern multi-detector CT scanners provide rapid acquisition and high-resolution imaging. CT angiography enables non-invasive visualization of blood vessels. Radiation dose optimization remains an important consideration.",diagnostics,"CTScan,Stroke,LungCancer,DiagnosticTest"
63,"Magnetic resonance imaging (MRI) uses strong magnetic fields and radiofrequency pulses to produce detailed images of organs and tissues without ionizing radiation. MRI excels in soft tissue contrast making it ideal for brain, spinal cord, musculoskeletal, and cardiac imaging. Contraindications include certain metallic implants and claustrophobia. Functional MRI (fMRI) enables study of brain activity by detecting changes in blood oxygenation.",diagnostics,"MRI,Alzheimers,Parkinsons,MultipleSclerosis,DiagnosticTest"
64,"Chest X-ray is the most commonly performed diagnostic imaging study worldwide. It provides essential information about the lungs, heart, mediastinum, and chest wall. Primary indications include evaluation of pneumonia, lung cancer, pleural effusion, pneumothorax, and heart failure. Digital radiography has replaced film-based systems improving image quality and workflow. Portable chest X-rays are invaluable for critically ill patients who cannot be transported.",diagnostics,"XRay,Pneumonia,LungCancer,HeartFailure,DiagnosticTest"
65,"Spirometry and pulmonary function testing are essential diagnostic tools for evaluating respiratory diseases. Spirometry measures the volume and flow of air during forced breathing maneuvers. Key parameters include forced vital capacity (FVC), forced expiratory volume in one second (FEV1), and their ratio. These measurements are critical for diagnosing and classifying the severity of asthma and COPD and for monitoring treatment response.",diagnostics,"Spirometry,PulmonaryFunctionTest,Asthma,COPD,DiagnosticTest"
66,"Point-of-care testing (POCT) provides rapid diagnostic results at the patient's bedside or in the clinic. Common POCT applications include blood glucose monitoring for diabetes management, cardiac troponin testing for myocardial infarction, rapid strep testing, and influenza and COVID-19 antigen testing. POCT enables faster clinical decision-making, reduces turnaround times, and improves patient outcomes in time-sensitive conditions.",diagnostics,"BloodGlucoseTest,MyocardialInfarction,Influenza,COVID19,DiagnosticTest"
67,"Lipid panel analysis is a standard blood test that measures levels of various fats in the blood. It includes total cholesterol, LDL (low-density lipoprotein) cholesterol often called bad cholesterol, HDL (high-density lipoprotein) cholesterol known as good cholesterol, and triglycerides. Abnormal lipid levels are a major risk factor for cardiovascular disease. The test typically requires fasting for 9-12 hours before blood collection.",diagnostics,"LipidPanel,Hyperlipidemia,CardiovascularDisease,BloodTest,DiagnosticTest"
68,"Electrocardiographic monitoring encompasses standard 12-lead ECG, continuous telemetry monitoring, Holter monitoring, and event recorders. These tools are essential for detecting and characterizing cardiac arrhythmias, evaluating chest pain, assessing pacemaker function, and monitoring drug effects on cardiac conduction. Interpretation requires systematic analysis of rate, rhythm, axis, intervals, and waveform morphology.",diagnostics,"ECG,Arrhythmia,ChestPain,DiagnosticTest"
69,"ACE inhibitors (angiotensin-converting enzyme inhibitors) are a class of antihypertensive medications that block the conversion of angiotensin I to angiotensin II. They are first-line treatments for hypertension, heart failure, and diabetic nephropathy. Common examples include lisinopril, enalapril, and ramipril. They reduce blood pressure, decrease cardiac workload, and provide renal protection. Side effects include dry cough and rarely angioedema. They are contraindicated in pregnancy.",treatments,"ACEInhibitor,Antihypertensive,Hypertension,HeartFailure,Medication"
70,"Beta-blockers are a class of medications that reduce heart rate and blood pressure by blocking the effects of adrenaline on beta-adrenergic receptors. They are used in treating hypertension, angina pectoris, arrhythmias, heart failure, and migraine prevention. Common beta-blockers include metoprolol, atenolol, propranolol, and carvedilol. Side effects include fatigue, bradycardia, cold extremities, and bronchospasm. They should be used cautiously in patients with asthma.",treatments,"BetaBlocker,Hypertension,Arrhythmia,HeartFailure,Migraine,Medication"
71,"Anticoagulant therapy prevents blood clot formation and is essential in managing conditions such as atrial fibrillation, deep vein thrombosis, pulmonary embolism, and mechanical heart valves. Traditional anticoagulants include warfarin, which requires regular INR monitoring, and heparin for acute anticoagulation. Direct oral anticoagulants (DOACs) including rivaroxaban, apixaban, and dabigatran offer more predictable pharmacokinetics without routine monitoring requirements.",treatments,"Anticoagulant,Arrhythmia,MyocardialInfarction,Medication"
72,"Surgical interventions for cardiovascular disease include percutaneous coronary intervention (angioplasty with stent placement) and coronary artery bypass grafting (CABG). Angioplasty involves threading a catheter with a balloon to the blocked coronary artery and inflating it to restore blood flow, often with drug-eluting stent placement. Bypass surgery uses arterial or venous grafts to create new pathways for blood flow around blocked coronary arteries.",treatments,"Angioplasty,BypassSurgery,CoronaryArteryDisease,MyocardialInfarction,Procedure"
73,"Chemotherapy is a systemic cancer treatment using cytotoxic drugs to destroy rapidly dividing cancer cells. It can be used as primary treatment, adjuvant therapy after surgery, or neoadjuvant therapy before surgery. Common side effects include nausea, fatigue, hair loss, myelosuppression, and immunosuppression. Treatment protocols typically involve multiple cycles with rest periods. Targeted therapies and immunotherapies are increasingly complementing or replacing traditional chemotherapy.",treatments,"Chemotherapy,LungCancer,Nausea,Fatigue,Procedure"
74,"Dialysis is a life-sustaining treatment that performs the functions of the kidneys when they can no longer work adequately. Hemodialysis filters blood through an external machine typically three times per week. Peritoneal dialysis uses the peritoneal membrane as a filter and can be performed at home. Dialysis is required when kidney function falls below 10-15% of normal capacity. Kidney transplantation remains the preferred treatment for eligible patients.",treatments,"Dialysis,Procedure"
75,"Occupational therapy helps individuals develop, recover, or maintain the skills needed for daily living and working. In neurological conditions like Alzheimer's disease, occupational therapists help patients maintain independence through cognitive exercises, environmental modifications, and adaptive equipment. For stroke rehabilitation, occupational therapy focuses on upper limb function, self-care activities, and community reintegration. Evidence supports occupational therapy's role in improving quality of life across multiple conditions.",treatments,"OccupationalTherapy,Alzheimers,Stroke,Therapy"
76,"Physical therapy uses exercise, manual therapy, and physical modalities to restore movement and function. In Parkinson's disease, physical therapy programs focus on gait training, balance exercises, and LSVT BIG (amplitude-based training) to counteract bradykinesia. For musculoskeletal conditions, physical therapy addresses pain, mobility, and strength. Post-surgical rehabilitation is essential for optimal recovery after joint replacement, spinal surgery, and cardiac procedures.",treatments,"PhysicalTherapy,Parkinsons,JointPain,Therapy"
77,"Combination pharmacotherapy is frequently necessary for managing complex cardiovascular conditions. A patient with coronary artery disease and hypertension might receive a statin for cholesterol management, an ACE inhibitor for blood pressure control, a beta-blocker for heart rate management, and low-dose aspirin or anticoagulant for thrombosis prevention. Medication reconciliation and monitoring for drug interactions are essential aspects of polypharmacy management.",treatments,"Statin,ACEInhibitor,BetaBlocker,Anticoagulant,CoronaryArteryDisease,Hypertension"
78,"Antibiotic therapy is the cornerstone treatment for bacterial infections. Selection of appropriate antibiotics depends on the suspected or confirmed pathogen, infection site, patient allergies, and local resistance patterns. Broad-spectrum antibiotics are used empirically until culture results are available, then therapy is narrowed (de-escalation). Common antibiotic classes include penicillins, cephalosporins, macrolides, fluoroquinolones, and aminoglycosides. Completing the full prescribed course is essential to prevent resistance.",treatments,"Antibiotic,Pneumonia,Tuberculosis,Bronchitis,Medication"
79,"Cardiovascular disease prevention encompasses both primary prevention for individuals without established disease and secondary prevention for those with existing conditions. Key modifiable risk factors include hypertension, hyperlipidemia, diabetes, obesity, smoking, physical inactivity, and unhealthy diet. Evidence-based preventive strategies include regular blood pressure monitoring, lipid panel testing, glucose screening, smoking cessation counseling, and appropriate pharmacotherapy with antihypertensives and statins.",cardiovascular,"CardiovascularDisease,Hypertension,Hyperlipidemia,Obesity,Antihypertensive,Statin"
80,"Congestive heart failure management requires a comprehensive multimodal approach. Pharmacological therapy includes ACE inhibitors or angiotensin receptor blockers, beta-blockers, mineralocorticoid receptor antagonists, and diuretics. Non-pharmacological management includes sodium and fluid restriction, daily weight monitoring, cardiac rehabilitation, and regular follow-up. Advanced therapies for refractory heart failure include cardiac resynchronization therapy, left ventricular assist devices, and heart transplantation.",cardiovascular,"HeartFailure,ACEInhibitor,BetaBlocker,CardiovascularDisease"
81,"Diabetic complications represent a significant burden of type 2 diabetes mellitus. Microvascular complications include diabetic retinopathy, nephropathy, and neuropathy. Macrovascular complications include coronary artery disease, cerebrovascular disease, and peripheral arterial disease. Comprehensive diabetes management targeting glycemic control, blood pressure, and lipid levels significantly reduces the risk of these complications. Regular screening through eye examinations, kidney function tests, and foot assessments is essential.",metabolic,"Type2Diabetes,CoronaryArteryDisease,Stroke,Hypertension,BloodGlucoseTest"
82,"Obesity-related metabolic changes create a cascade of health consequences. Excess adipose tissue leads to insulin resistance, chronic low-grade inflammation, and altered lipid metabolism. These changes contribute to the development of type 2 diabetes, hypertension, hyperlipidemia, non-alcoholic fatty liver disease, and cardiovascular disease. Bariatric surgery has shown remarkable efficacy in achieving sustained weight loss and resolving metabolic comorbidities including diabetes remission.",metabolic,"Obesity,Type2Diabetes,Hypertension,Hyperlipidemia,MetabolicSyndrome"
83,"Acute respiratory distress syndrome (ARDS) is a severe form of respiratory failure characterized by diffuse pulmonary infiltrates and refractory hypoxemia. It can result from direct lung injury (pneumonia, aspiration) or indirect causes (sepsis, pancreatitis). COVID-19 has become a significant cause of ARDS. Management involves mechanical ventilation with lung-protective strategies, prone positioning, neuromuscular blockade, and treatment of the underlying cause.",respiratory,"Pneumonia,COVID19,Dyspnea,RespiratoryDisease"
84,"Chronic disease management requires patient-centered approaches incorporating self-management support, regular monitoring, and coordinated multidisciplinary care. For conditions like diabetes, hypertension, and heart failure, patient education about disease process, medication adherence, lifestyle modifications, and recognizing warning signs is essential. Telemedicine and remote monitoring technologies are increasingly enabling more effective chronic disease management.",treatments,"Type2Diabetes,Hypertension,HeartFailure"
85,"The relationship between mental and physical health is bidirectional. Depression and anxiety are common comorbidities of cardiovascular disease, diabetes, and chronic pain conditions. Conversely, chronic medical conditions increase the risk of developing mental health disorders. Integrated care models that address both physical and mental health simultaneously have shown superior outcomes compared to traditional siloed approaches.",mental_health,"Depression,AnxietyDisorder,CardiovascularDisease,Type2Diabetes"
86,"Cardiac rehabilitation is a comprehensive program for patients recovering from myocardial infarction, heart failure, or cardiac surgery. It includes supervised exercise training, cardiovascular risk factor modification, psychosocial counseling, and patient education. Participation in cardiac rehabilitation reduces mortality by 20-25% and significantly improves functional capacity and quality of life. Despite strong evidence, cardiac rehabilitation remains underutilized, particularly among women and minority populations.",cardiovascular,"MyocardialInfarction,HeartFailure,BypassSurgery,CardiovascularDisease"
87,"Sleep disorders represent a significant but often underrecognized health concern. Obstructive sleep apnea is strongly associated with hypertension, arrhythmias, and cardiovascular disease. Insomnia complicates depression and anxiety disorders. Restless legs syndrome causes sleep disruption and daytime fatigue. Proper diagnosis through sleep studies and appropriate treatment including CPAP therapy, CBT for insomnia, and pharmacological interventions can significantly improve health outcomes.",mental_health,"Insomnia,Hypertension,Arrhythmia,Depression,CognitiveBehavioralTherapy"
88,"Geriatric medicine addresses the complex healthcare needs of elderly patients. Older adults frequently have multiple comorbidities including hypertension, diabetes, heart failure, cognitive impairment, and depression. Polypharmacy is common and increases the risk of adverse drug interactions and falls. Comprehensive geriatric assessment evaluates medical, functional, cognitive, and psychosocial domains to develop individualized care plans that prioritize patient goals and quality of life.",treatments,"Hypertension,Type2Diabetes,HeartFailure,Alzheimers,Depression"
89,"Precision medicine aims to tailor medical treatment to the individual characteristics of each patient. In cardiovascular medicine, genetic testing can identify patients who metabolize certain medications differently, enabling personalized drug selection. In oncology, molecular profiling of tumors guides targeted therapy selection. Pharmacogenomics is increasingly informing prescribing decisions for antidepressants, anticoagulants, and statins to optimize efficacy and minimize adverse effects.",treatments,"Statin,Anticoagulant,Antidepressant,Chemotherapy"
90,"Emergency management of acute coronary syndrome requires rapid recognition and intervention. Initial assessment includes ECG, cardiac biomarker testing, and risk stratification. Acute myocardial infarction requires emergent reperfusion therapy through primary percutaneous coronary intervention (angioplasty) or fibrinolytic therapy. Time-to-treatment is critical with a door-to-balloon time target of less than 90 minutes. Post-event management includes dual antiplatelet therapy, statins, ACE inhibitors, and beta-blockers.",cardiovascular,"MyocardialInfarction,ECG,Angioplasty,Statin,ACEInhibitor,BetaBlocker"
91,"Chronic kidney disease is a progressive condition frequently complicating diabetes and hypertension. As kidney function declines, metabolic waste products accumulate, electrolyte imbalances develop, and anemia worsens. Management includes blood pressure control with ACE inhibitors, glycemic management, dietary modifications, and addressing cardiovascular risk factors. When kidney function falls below critical thresholds, renal replacement therapy through dialysis or kidney transplantation becomes necessary.",metabolic,"Hypertension,Type2Diabetes,ACEInhibitor,Dialysis,BloodTest"
92,"Immunotherapy represents a paradigm shift in cancer treatment by harnessing the patient's own immune system to fight cancer. Immune checkpoint inhibitors block proteins that prevent T cells from attacking cancer cells. CAR-T cell therapy involves engineering patient's T cells to target specific cancer antigens. Immunotherapy has shown remarkable success in melanoma, lung cancer, and certain blood cancers, though immune-related adverse events require careful monitoring.",treatments,"LungCancer,Chemotherapy"
93,"Smoking cessation is the single most impactful intervention for reducing cardiovascular and respiratory disease risk. Smoking doubles the risk of coronary artery disease and is the primary cause of COPD and lung cancer. Evidence-based cessation strategies include nicotine replacement therapy, bupropion, varenicline, behavioral counseling, and combination approaches. Within one year of quitting, coronary artery disease risk drops by 50 percent.",respiratory,"CoronaryArteryDisease,COPD,LungCancer,CardiovascularDisease"
94,"Sepsis is a life-threatening organ dysfunction caused by a dysregulated host response to infection. It can progress to septic shock with cardiovascular collapse. Early recognition, prompt antibiotic administration, and aggressive fluid resuscitation are critical. The Surviving Sepsis Campaign guidelines emphasize the importance of the first hour of management. Complications include acute kidney injury, respiratory failure, and disseminated intravascular coagulation.",infectious,"Antibiotic,Fever,InfectiousDisease"
95,"Palliative care focuses on improving quality of life for patients with serious illness through pain management, symptom relief, and psychosocial support. It is appropriate at any stage of disease and can be provided alongside curative treatments. Common conditions requiring palliative care include advanced cancer, heart failure, COPD, and neurological diseases. Early integration of palliative care has demonstrated improved quality of life and in some cases extended survival.",treatments,"HeartFailure,COPD,LungCancer,NeurologicalDisease"
96,"Thyroid disorders are among the most common endocrine conditions. Hypothyroidism causes fatigue, weight gain, cold intolerance, and depression, while hyperthyroidism causes weight loss, heat intolerance, anxiety, and palpitations. Diagnosis is through thyroid function blood tests measuring TSH and free T4. Treatment for hypothyroidism involves levothyroxine replacement, while hyperthyroidism may be treated with antithyroid drugs, radioactive iodine, or surgery.",metabolic,"Fatigue,Depression,WeightLoss,Palpitations,BloodTest"
97,"Autoimmune diseases occur when the immune system mistakenly attacks the body's own tissues. Common autoimmune conditions include type 1 diabetes, multiple sclerosis, rheumatoid arthritis, and systemic lupus erythematosus. These conditions share common pathogenic mechanisms including loss of self-tolerance and chronic inflammation. Treatment often involves immunosuppressive medications, disease-modifying agents, and management of organ-specific complications.",metabolic,"Type1Diabetes,MultipleSclerosis,JointPain,BloodTest"
98,"Exercise as medicine is increasingly recognized for its therapeutic benefits across multiple disease states. Regular physical activity reduces the risk of cardiovascular disease, type 2 diabetes, depression, and certain cancers. For patients with existing conditions, structured exercise programs improve outcomes in heart failure, COPD, diabetes, depression, and Parkinson's disease. Current guidelines recommend at least 150 minutes of moderate-intensity aerobic exercise per week.",treatments,"CardiovascularDisease,Type2Diabetes,Depression,HeartFailure,COPD,Parkinsons"
99,"Telemedicine and digital health technologies are transforming healthcare delivery. Remote patient monitoring enables continuous tracking of vital signs, blood glucose, and cardiac rhythm. Telehealth visits provide access to specialist consultations in underserved areas. Mobile health applications support medication adherence, symptom tracking, and self-management of chronic conditions. The COVID-19 pandemic accelerated the adoption of telemedicine across all medical specialties.",treatments,"COVID19,Type2Diabetes,Hypertension,ECG"
100,"Genomic medicine is advancing our understanding of disease susceptibility and treatment response. Genome-wide association studies have identified genetic risk factors for conditions including coronary artery disease, type 2 diabetes, and Alzheimer's disease. Pharmacogenomic testing guides drug selection and dosing for medications including warfarin, clopidogrel, and certain antidepressants. Gene therapy holds promise for treating genetic disorders and certain cancers.",treatments,"CoronaryArteryDisease,Type2Diabetes,Alzheimers,Antidepressant"
101,"Interventional radiology uses image-guided minimally invasive techniques to diagnose and treat conditions. CT-guided biopsies enable tissue sampling from deep organs. Angiography and embolization control bleeding and treat vascular malformations. Percutaneous drainage treats abscesses and fluid collections. These techniques often replace traditional surgical approaches offering reduced recovery times and complications.",diagnostics,"CTScan,Angioplasty,DiagnosticTest"
102,"Nutritional assessment and management are integral to treating metabolic diseases. Medical nutrition therapy is a cornerstone of diabetes management involving carbohydrate counting, glycemic index awareness, and meal planning. For obesity, caloric restriction combined with balanced macronutrient intake supports sustainable weight loss. Dietary approaches to managing hyperlipidemia include reducing saturated fat intake and increasing soluble fiber consumption.",metabolic,"Type2Diabetes,Obesity,Hyperlipidemia,MetabolicDisease"
103,"Pediatric infectious diseases present unique challenges including different pathogen susceptibility, vaccine schedules, and age-appropriate antibiotic dosing. Common childhood infections include respiratory syncytial virus (RSV), rotavirus gastroenteritis, and streptococcal pharyngitis. Childhood vaccination programs have dramatically reduced mortality from measles, polio, pertussis, and Haemophilus influenzae type b meningitis. Appropriate antibiotic stewardship in pediatrics is crucial for combating resistance.",infectious,"Antibiotic,Antiviral,Fever,InfectiousDisease"
104,"Stroke rehabilitation is a critical phase of stroke recovery focusing on maximizing functional independence. Physical therapy addresses mobility, strength, and balance deficits. Occupational therapy focuses on upper extremity function and activities of daily living. Speech therapy addresses aphasia, dysarthria, and swallowing disorders. The intensity and duration of rehabilitation correlate with better outcomes. Neuroplasticity-based approaches are increasingly incorporated into rehabilitation protocols.",neurological,"Stroke,PhysicalTherapy,OccupationalTherapy,NeurologicalDisease"
105,"Chronic pain management requires a multimodal approach addressing biological, psychological, and social factors. Pharmacological options include non-opioid analgesics, anticonvulsants for neuropathic pain, and antidepressants for pain modulation. Non-pharmacological approaches include physical therapy, cognitive behavioral therapy, acupuncture, and interventional pain procedures. The opioid crisis has highlighted the importance of responsible prescribing and alternative pain management strategies.",treatments,"Anticonvulsant,Antidepressant,PhysicalTherapy,CognitiveBehavioralTherapy,JointPain"
